{
"lengthUnit": "mil",
"components": {
	"fields": ["COMPONENT_NO", "COMPONENT_NAME", "LAYER", "X_COORDINATE", "Y_COORDINATE", "ANGLE"],
	"rows": [
		[1, "C1", "B", -225, -405, 90],
		[2, "C4", "B", 285, -332.56, 270],
		[3, "C6", "B", -120, -10, 90],
		[4, "D2", "B", -680, 545, 180],
		[5, "D3", "B", -680, 445, 180],
		[6, "H6", "B", 649.61, 165, 270],
		[7, "H7", "B", -680, -500, 90],
		[8, "LED4", "B", -1030, 340, 270],
		[9, "Q1", "B", 23.68, 59.13, 90],
		[10, "Q2", "B", 290, 285, 270],
		[11, "Q3", "B", -230, 275, 0],
		[12, "R3", "B", -415, -120, 0],
		[13, "R4", "B", -414.66, -185, 0],
		[14, "R6", "B", -290, -645, 0],
		[15, "R7", "B", -289.66, -905, 0],
		[16, "R8", "B", -289.66, -710, 0],
		[17, "R9", "B", -289.66, -775, 180],
		[18, "R10", "B", -289.66, -840, 180],
		[19, "R26", "B", -930, 330.34, 90],
		[20, "R27", "B", -1025, 509.66, 270],
		[21, "R28", "B", 205, -330, 90],
		[22, "R29", "B", -770.34, 635, 0],
		[23, "R30", "B", -895, 635, 0],
		[24, "R31", "B", 25.34, 195, 0],
		[25, "R32", "B", 295, 155, 180],
		[26, "R37", "B", -115, 275, 270],
		[27, "SW2", "T", 0, -669.29, 225],
		[28, "U1", "B", -20, -340, 180],
		[29, "U2", "B", -880, 0, 90],
		[30, "U8", "B", -895, 485, 0],
		[31, "U9", "B", 511.81, 905.51, 180],
		[32, "U10", "B", -177.17, 905.51, 180],
		[33, "U11", "B", -511.81, 905.51, 180],
		[34, "U12", "B", 157.48, 905.51, 180],
		[35, "U13", "T", 5, 680, 0],
		[36, "U14", "B", -165, 135, 270]
	]
},
"pins": {
	"fields": ["PIN_NO", "PIN_NAME", "PIN_X", "PIN_Y", "LAYER", "PIN_TYPE", "NET_NAME", "NET_TYPE", "PAD_SHAPE", "PAD_SIZEX", "PAD_SIZEY", "HOLE_SIZE", "PAD_ANGLE"],
	"rows": [
		[1, "C1_1", -225, -432.56, "B", "SMD", "GND", "GND", "R", 31.5, 35.43, 0, 90],
		[2, "C1_2", -225, -377.44, "B", "SMD", "V5_PWR", "", "R", 31.5, 35.43, 0, 90],
		[3, "C4_1", 285, -305, "B", "SMD", "GND", "GND", "R", 31.5, 35.43, 0, 270],
		[4, "C4_2", 285, -360.12, "B", "SMD", "V5_PWR", "", "R", 31.5, 35.43, 0, 270],
		[5, "C6_1", -120, -37.56, "B", "SMD", "GND", "GND", "R", 31.5, 35.43, 0, 90],
		[6, "C6_2", -120, 17.56, "B", "SMD", "LED+", "", "R", 31.5, 35.43, 0, 90],
		[7, "D2_1", -618.98, 545, "B", "SMD", "V5_IN", "", "R", 39.37, 47.24, 0, 180],
		[8, "D2_2", -741.02, 545, "B", "SMD", "VBAT", "", "R", 39.37, 47.24, 0, 180],
		[9, "D3_1", -618.98, 445, "B", "SMD", "V5_IN", "", "R", 39.37, 47.24, 0, 180],
		[10, "D3_2", -741.02, 445, "B", "SMD", "VBUS", "", "R", 39.37, 47.24, 0, 180],
		[11, "H6_1", 649.61, 265, "T", "DIP", "V5_IN", "", "R", 66.93, 66.93, 43.31, 270],
		[12, "H6_1", 649.61, 265, "B", "DIP", "V5_IN", "", "R", 66.93, 66.93, 43.31, 270],
		[13, "H6_2", 649.61, 165, "T", "DIP", "H6_2", "", "C", 66.93, 66.93, 43.31, 270],
		[14, "H6_2", 649.61, 165, "B", "DIP", "H6_2", "", "C", 66.93, 66.93, 43.31, 270],
		[15, "H6_3", 649.61, 65, "T", "DIP", "V5_PWR", "", "C", 66.93, 66.93, 43.31, 270],
		[16, "H6_3", 649.61, 65, "B", "DIP", "V5_PWR", "", "C", 66.93, 66.93, 43.31, 270],
		[17, "H7_1", -680, -700, "T", "DIP", "TXD", "", "R", 62.99, 62.99, 41.34, 90],
		[18, "H7_1", -680, -700, "B", "DIP", "TXD", "", "R", 62.99, 62.99, 41.34, 90],
		[19, "H7_2", -680, -600, "T", "DIP", "RXD", "", "C", 62.99, 62.99, 41.34, 90],
		[20, "H7_2", -680, -600, "B", "DIP", "RXD", "", "C", 62.99, 62.99, 41.34, 90],
		[21, "H7_3", -680, -500, "T", "DIP", "SWDIO", "", "C", 62.99, 62.99, 41.34, 90],
		[22, "H7_3", -680, -500, "B", "DIP", "SWDIO", "", "C", 62.99, 62.99, 41.34, 90],
		[23, "H7_4", -680, -400, "T", "DIP", "GND", "GND", "C", 62.99, 62.99, 41.34, 90],
		[24, "H7_4", -680, -400, "B", "DIP", "GND", "GND", "C", 62.99, 62.99, 41.34, 90],
		[25, "H7_5", -680, -300, "T", "DIP", "V5_PWR", "", "C", 62.99, 62.99, 41.34, 90],
		[26, "H7_5", -680, -300, "B", "DIP", "V5_PWR", "", "C", 62.99, 62.99, 41.34, 90],
		[27, "LED4_1", -1030, 298.65, "B", "SMD", "VBUS", "", "R", 39.37, 55.1, 0, 90],
		[28, "LED4_2", -1030, 381.35, "B", "SMD", "$1N3148", "", "R", 39.37, 55.1, 0, 90],
		[29, "Q1_1", -13.92, 100.67, "B", "SMD", "LED_PWR_EN", "", "R", 23.62, 35.83, 0, 0],
		[30, "Q1_2", 61.28, 100.67, "B", "SMD", "V5_PWR", "", "R", 23.62, 35.83, 0, 0],
		[31, "Q1_3", 23.68, 17.59, "B", "SMD", "LED+", "", "R", 23.62, 35.83, 0, 0],
		[32, "Q2_1", 327.6, 243.46, "B", "SMD", "FAN_PWR_EN", "", "R", 23.62, 35.83, 0, 180],
		[33, "Q2_2", 252.4, 243.46, "B", "SMD", "V5_PWR", "", "R", 23.62, 35.83, 0, 180],
		[34, "Q2_3", 290, 326.54, "B", "SMD", "FAN_PWR", "", "R", 23.62, 35.83, 0, 180],
		[35, "Q3_1", -190.63, 312.4, "B", "SMD", "$1N14566", "", "R", 49.21, 27.56, 0, 0],
		[36, "Q3_2", -190.63, 237.6, "B", "SMD", "$1N14750", "", "R", 49.21, 27.56, 0, 0],
		[37, "Q3_3", -269.37, 275, "B", "SMD", "LED-", "", "R", 49.21, 27.56, 0, 0],
		[38, "R3_1", -444.66, -120, "B", "SMD", "$1N682", "", "R", 31.75, 34.02, 0, 0],
		[39, "R3_2", -385.34, -120, "B", "SMD", "GND", "GND", "R", 31.75, 34.02, 0, 0],
		[40, "R4_1", -444.32, -185, "B", "SMD", "$1N679", "", "R", 31.75, 34.02, 0, 0],
		[41, "R4_2", -385, -185, "B", "SMD", "GND", "GND", "R", 31.75, 34.02, 0, 0],
		[42, "R6_1", -319.66, -645, "B", "SMD", "V5_PWR", "", "R", 31.75, 34.02, 0, 0],
		[43, "R6_2", -260.34, -645, "B", "SMD", "$1N2200", "", "R", 31.75, 34.02, 0, 0],
		[44, "R7_1", -319.32, -905, "B", "SMD", "GND", "GND", "R", 31.75, 34.02, 0, 0],
		[45, "R7_2", -260, -905, "B", "SMD", "PAD", "", "R", 31.75, 34.02, 0, 0],
		[46, "R8_1", -319.32, -710, "B", "SMD", "V5_PWR", "", "R", 31.75, 34.02, 0, 0],
		[47, "R8_2", -260, -710, "B", "SMD", "$1N2203", "", "R", 31.75, 34.02, 0, 0],
		[48, "R9_1", -260, -775, "B", "SMD", "$1N2201", "", "R", 31.75, 34.02, 0, 180],
		[49, "R9_2", -319.32, -775, "B", "SMD", "V5_PWR", "", "R", 31.75, 34.02, 0, 180],
		[50, "R10_1", -260, -840, "B", "SMD", "$1N2202", "", "R", 31.75, 34.02, 0, 180],
		[51, "R10_2", -319.32, -840, "B", "SMD", "V5_PWR", "", "R", 31.75, 34.02, 0, 180],
		[52, "R26_1", -930, 300.68, "B", "SMD", "GND", "GND", "R", 31.75, 34.02, 0, 90],
		[53, "R26_2", -930, 360, "B", "SMD", "$1N3138", "", "R", 31.75, 34.02, 0, 90],
		[54, "R27_1", -1025, 539.32, "B", "SMD", "CHRG", "", "R", 31.75, 34.02, 0, 270],
		[55, "R27_2", -1025, 480, "B", "SMD", "$1N3148", "", "R", 31.75, 34.02, 0, 270],
		[56, "R28_1", 205, -359.66, "B", "SMD", "V5_PWR", "", "R", 31.75, 34.02, 0, 90],
		[57, "R28_2", 205, -300.34, "B", "SMD", "NTC_ADC", "", "R", 31.75, 34.02, 0, 90],
		[58, "R29_1", -800, 635, "B", "SMD", "BAT_ADC", "", "R", 31.75, 34.02, 0, 0],
		[59, "R29_2", -740.68, 635, "B", "SMD", "VBAT", "", "R", 31.75, 34.02, 0, 0],
		[60, "R30_1", -924.66, 635, "B", "SMD", "GND", "GND", "R", 31.75, 34.02, 0, 0],
		[61, "R30_2", -865.34, 635, "B", "SMD", "BAT_ADC", "", "R", 31.75, 34.02, 0, 0],
		[62, "R31_1", -4.32, 195, "B", "SMD", "LED_PWR_EN", "", "R", 31.75, 34.02, 0, 0],
		[63, "R31_2", 55, 195, "B", "SMD", "V5_PWR", "", "R", 31.75, 34.02, 0, 0],
		[64, "R32_1", 324.66, 155, "B", "SMD", "FAN_PWR_EN", "", "R", 31.75, 34.02, 0, 180],
		[65, "R32_2", 265.34, 155, "B", "SMD", "V5_PWR", "", "R", 31.75, 34.02, 0, 180],
		[66, "R37_1", -115, 304.66, "B", "SMD", "GND", "GND", "R", 31.75, 34.02, 0, 270],
		[67, "R37_2", -115, 245.34, "B", "SMD", "$1N14750", "", "R", 31.75, 34.02, 0, 270],
		[68, "SW2_1", 139.2, -609.44, "T", "SMD", "$1N2200", "", "R", 66.93, 39.37, 0, 225],
		[69, "SW2_2", 100.3, -570.54, "T", "SMD", "ACT", "", "R", 66.93, 39.37, 0, 225],
		[70, "SW2_3", 59.86, -530.1, "T", "SMD", "$1N2203", "", "R", 66.93, 39.37, 0, 225],
		[71, "SW2_4", -59.86, -808.49, "T", "SMD", "$1N2201", "", "R", 66.93, 39.37, 0, 225],
		[72, "SW2_5", -100.3, -768.04, "T", "SMD", "PAD", "", "R", 66.93, 39.37, 0, 225],
		[73, "SW2_6", -139.2, -729.15, "T", "SMD", "$1N2202", "", "R", 66.93, 39.37, 0, 225],
		[74, "SW2_7", 112.74, -782.04, "T", "SMD", "SW2_7", "", "R", 78.74, 70.87, 0, 225],
		[75, "SW2_7", -112.74, -556.55, "T", "SMD", "SW2_A_7", "", "R", 78.74, 70.87, 0, 225],
		[76, "U1_1", 95.16, -453.03, "B", "SMD", "CHRG", "", "O", 14.33, 68.58, 0, 180],
		[77, "U1_2", 69.57, -453.03, "B", "SMD", "TXD", "", "O", 14.33, 68.58, 0, 180],
		[78, "U1_3", 43.98, -453.03, "B", "SMD", "RXD", "", "O", 14.33, 68.58, 0, 180],
		[79, "U1_4", 18.39, -453.03, "B", "SMD", "NRST", "", "O", 14.33, 68.58, 0, 180],
		[80, "U1_5", -7.21, -453.03, "B", "SMD", "LED_PWM", "", "O", 14.33, 68.58, 0, 180],
		[81, "U1_6", -32.8, -453.03, "B", "SMD", "ACT", "", "O", 14.33, 68.58, 0, 180],
		[82, "U1_7", -58.39, -453.03, "B", "SMD", "GND", "GND", "O", 14.33, 68.58, 0, 180],
		[83, "U1_8", -83.98, -453.03, "B", "SMD", "PD0", "", "O", 14.33, 68.58, 0, 180],
		[84, "U1_9", -109.57, -453.03, "B", "SMD", "V5_PWR", "", "O", 14.33, 68.58, 0, 180],
		[85, "U1_10", -135.16, -453.03, "B", "SMD", "PC0", "", "O", 14.33, 68.58, 0, 180],
		[86, "U1_11", -135.16, -226.97, "B", "SMD", "SDA", "", "O", 14.33, 68.58, 0, 180],
		[87, "U1_12", -109.57, -226.97, "B", "SMD", "SCL", "", "O", 14.33, 68.58, 0, 180],
		[88, "U1_13", -83.98, -226.97, "B", "SMD", "PC3", "", "O", 14.33, 68.58, 0, 180],
		[89, "U1_14", -58.39, -226.97, "B", "SMD", "PAD", "", "O", 14.33, 68.58, 0, 180],
		[90, "U1_15", -32.8, -226.97, "B", "SMD", "PC5", "", "O", 14.33, 68.58, 0, 180],
		[91, "U1_16", -7.21, -226.97, "B", "SMD", "LED_PWR_EN", "", "O", 14.33, 68.58, 0, 180],
		[92, "U1_17", 18.39, -226.97, "B", "SMD", "FAN_PWR_EN", "", "O", 14.33, 68.58, 0, 180],
		[93, "U1_18", 43.98, -226.97, "B", "SMD", "SWDIO", "", "O", 14.33, 68.58, 0, 180],
		[94, "U1_19", 69.57, -226.97, "B", "SMD", "NTC_ADC", "", "O", 14.33, 68.58, 0, 180],
		[95, "U1_20", 95.16, -226.97, "B", "SMD", "BAT_ADC", "", "O", 14.33, 68.58, 0, 180],
		[96, "U2_17", -808.51, -170.08, "T", "DIP", "GND", "GND", "O", 39.37, 78.74, 66.93, 90],
		[97, "U2_17", -808.51, -170.08, "B", "DIP", "GND", "GND", "O", 39.37, 78.74, 66.93, 90],
		[98, "U2_18", -973.86, -170.08, "T", "DIP", "GND", "GND", "O", 39.37, 70.87, 55.12, 90],
		[99, "U2_18", -973.86, -170.08, "B", "DIP", "GND", "GND", "O", 39.37, 70.87, 55.12, 90],
		[100, "U2_19", -973.86, 170.08, "T", "DIP", "GND", "GND", "O", 39.37, 70.87, 55.12, 90],
		[101, "U2_19", -973.86, 170.08, "B", "DIP", "GND", "GND", "O", 39.37, 70.87, 55.12, 90],
		[102, "U2_20", -808.5, 170.08, "T", "DIP", "GND", "GND", "O", 39.37, 78.74, 66.93, 90],
		[103, "U2_20", -808.5, 170.08, "B", "DIP", "GND", "GND", "O", 39.37, 78.74, 66.93, 90],
		[104, "U2_A12B1", -786.17, 125.98, "B", "SMD", "GND", "GND", "R", 19.68, 44.88, 0, 90],
		[105, "U2_A5", -786.18, -49.21, "B", "SMD", "$1N682", "", "R", 11.81, 44.88, 0, 90],
		[106, "U2_A6", -786.18, -9.84, "B", "SMD", "U2_A6", "", "R", 11.81, 44.88, 0, 90],
		[107, "U2_A7", -786.18, 9.84, "B", "SMD", "U2_A7", "", "R", 11.81, 44.88, 0, 90],
		[108, "U2_A8", -786.14, 49.2, "B", "SMD", "U2_A8", "", "R", 11.81, 44.88, 0, 90],
		[109, "U2_A9B4", -786.17, 94.49, "B", "SMD", "VBUS", "", "R", 19.68, 44.88, 0, 90],
		[110, "U2_B12A1", -786.17, -125.98, "B", "SMD", "GND", "GND", "R", 19.68, 44.88, 0, 90],
		[111, "U2_B5", -786.18, 68.9, "B", "SMD", "$1N679", "", "R", 11.81, 44.88, 0, 90],
		[112, "U2_B6", -786.18, 29.53, "B", "SMD", "U2_B6", "", "R", 11.81, 44.88, 0, 90],
		[113, "U2_B7", -786.18, -29.53, "B", "SMD", "U2_B7", "", "R", 11.81, 44.88, 0, 90],
		[114, "U2_B8", -786.14, -68.9, "B", "SMD", "U2_B8", "", "R", 11.81, 44.88, 0, 90],
		[115, "U2_B9A4", -786.17, -94.49, "B", "SMD", "VBUS", "", "R", 19.68, 44.88, 0, 90],
		[116, "U8_1", -932.4, 528.31, "B", "SMD", "CHRG", "", "R", 23.62, 39.37, 0, 0],
		[117, "U8_2", -895, 528.31, "B", "SMD", "GND", "GND", "R", 23.62, 39.37, 0, 0],
		[118, "U8_3", -857.6, 528.31, "B", "SMD", "VBAT", "", "R", 23.62, 39.37, 0, 0],
		[119, "U8_4", -857.6, 441.69, "B", "SMD", "VBUS", "", "R", 23.62, 39.37, 0, 0],
		[120, "U8_5", -932.4, 441.69, "B", "SMD", "$1N3138", "", "R", 23.62, 39.37, 0, 0],
		[121, "U9_1", 551.18, 905.51, "T", "DIP", "GND", "GND", "R", 60, 60, 35.98, 180],
		[122, "U9_1", 551.18, 905.51, "B", "DIP", "GND", "GND", "R", 60, 60, 35.98, 180],
		[123, "U9_2", 472.44, 905.51, "T", "DIP", "FAN_PWR", "", "C", 60, 60, 35.98, 180],
		[124, "U9_2", 472.44, 905.51, "B", "DIP", "FAN_PWR", "", "C", 60, 60, 35.98, 180],
		[125, "U10_1", -137.8, 905.51, "T", "DIP", "LED-", "", "R", 60, 60, 35.98, 180],
		[126, "U10_1", -137.8, 905.51, "B", "DIP", "LED-", "", "R", 60, 60, 35.98, 180],
		[127, "U10_2", -216.54, 905.51, "T", "DIP", "LED+", "", "C", 60, 60, 35.98, 180],
		[128, "U10_2", -216.54, 905.51, "B", "DIP", "LED+", "", "C", 60, 60, 35.98, 180],
		[129, "U11_1", -472.44, 905.51, "T", "DIP", "GND", "GND", "R", 60, 60, 35.98, 180],
		[130, "U11_1", -472.44, 905.51, "B", "DIP", "GND", "GND", "R", 60, 60, 35.98, 180],
		[131, "U11_2", -551.18, 905.51, "T", "DIP", "VBAT", "", "C", 60, 60, 35.98, 180],
		[132, "U11_2", -551.18, 905.51, "B", "DIP", "VBAT", "", "C", 60, 60, 35.98, 180],
		[133, "U12_1", 196.85, 905.51, "T", "DIP", "GND", "GND", "R", 60, 60, 35.98, 180],
		[134, "U12_1", 196.85, 905.51, "B", "DIP", "GND", "GND", "R", 60, 60, 35.98, 180],
		[135, "U12_2", 118.11, 905.51, "T", "DIP", "NTC_ADC", "", "C", 60, 60, 35.98, 180],
		[136, "U12_2", 118.11, 905.51, "B", "DIP", "NTC_ADC", "", "C", 60, 60, 35.98, 180],
		[137, "U13_1", -145, 680, "T", "DIP", "GND", "GND", "C", 70.87, 70.87, 41.34, 0],
		[138, "U13_1", -145, 680, "B", "DIP", "GND", "GND", "C", 70.87, 70.87, 41.34, 0],
		[139, "U13_2", -45, 680, "T", "DIP", "V5_PWR", "", "C", 70.87, 70.87, 41.34, 0],
		[140, "U13_2", -45, 680, "B", "DIP", "V5_PWR", "", "C", 70.87, 70.87, 41.34, 0],
		[141, "U13_3", 55, 680, "T", "DIP", "SCL", "", "C", 70.87, 70.87, 41.34, 0],
		[142, "U13_3", 55, 680, "B", "DIP", "SCL", "", "C", 70.87, 70.87, 41.34, 0],
		[143, "U13_4", 155, 680, "T", "DIP", "SDA", "", "C", 70.87, 70.87, 41.34, 0],
		[144, "U13_4", 155, 680, "B", "DIP", "SDA", "", "C", 70.87, 70.87, 41.34, 0],
		[145, "U14_1", -117.76, 172.4, "B", "SMD", "$1N14750", "", "R", 21.65, 47.24, 0, 270],
		[146, "U14_2", -117.76, 135, "B", "SMD", "GND", "GND", "R", 21.65, 47.24, 0, 270],
		[147, "U14_3", -117.76, 97.6, "B", "SMD", "LED+", "", "R", 21.65, 47.24, 0, 270],
		[148, "U14_4", -212.24, 97.6, "B", "SMD", "U14_4", "", "R", 21.65, 47.24, 0, 270],
		[149, "U14_5", -212.24, 135, "B", "SMD", "$1N14566", "", "R", 21.65, 47.24, 0, 270],
		[150, "U14_6", -212.24, 172.4, "B", "SMD", "LED_PWM", "", "R", 21.65, 47.24, 0, 270]
	]
}
}