{
"lengthUnit": "mil",
"components": {
	"fields": ["COMPONENT_NO", "COMPONENT_NAME", "LAYER", "X_COORDINATE", "Y_COORDINATE", "ANGLE"],
	"rows": [
		[1, "GND", "T", 120, 400, 0],
		[2, "LED2", "T", 0, 0, 180],
		[3, "TP1", "T", -1022, -412, 0],
		[4, "TP2", "T", 1025, 376, 0],
		[5, "VCC", "T", -120, 400, 0]
	]
},
"pins": {
	"fields": ["PIN_NO", "PIN_NAME", "PIN_X", "PIN_Y", "LAYER", "PIN_TYPE", "NET_NAME", "NET_TYPE", "PAD_SHAPE", "PAD_SIZEX", "PAD_SIZEY", "HOLE_SIZE", "PAD_ANGLE"],
	"rows": [
		[1, "GND_1", 120, 400, "T", "SMD", "GND", "GND", "C", 120, 120, 0, 0],
		[2, "LED2_1", 55.12, 0, "T", "SMD", "GND", "GND", "R", 27.56, 135.83, 0, 180],
		[3, "LED2_2", -55.12, 0, "T", "SMD", "VCC", "", "R", 27.56, 135.83, 0, 180],
		[4, "LED2_3", 0, 0, "T", "SMD", "VCC", "", "R", 51.18, 135.83, 0, 180],
		[5, "TP1_1", -1024.5, -409.5, "T", "DIP", "TP1_1", "", "C", 126, 126, 126, 0],
		[6, "TP1_1", -1024.5, -409.5, "B", "DIP", "TP1_1", "", "C", 126, 126, 126, 0],
		[7, "TP2_1", 1022.5, 378.5, "T", "DIP", "TP2_1", "", "C", 126, 126, 126, 0],
		[8, "TP2_1", 1022.5, 378.5, "B", "DIP", "TP2_1", "", "C", 126, 126, 126, 0],
		[9, "VCC_1", -120, 400, "T", "SMD", "VCC", "", "C", 120, 120, 0, 0]
	]
}
}